SETOR;LIDERMAT
Núcleo de Eficiência;2926
IAF;3379
Marketing;2931
Plan. Demanda e Estoque;2923
Demanda;3025
Operações;3383
Logística;4344
Suprimentos;2984
HUB;3034
Diretoria Financeiro;3178
Gerência Financeira; 3083
Controladoria;2979
Gerência Contábil Fiscal;3496
Coord. Fiscal Tributária;2918
Coord. Fiscal;2934
Coord. Inventário;2937
Patrimônio;4566
Obras e Manutenção;2978
Poema;3013
Cultura e Performance;2914
Gente e Cultura;3181
Gerência de Gestão;3797
Departamento Pessoal;2965
NEX;2928
Compras;3247
Indiretos;3026
Segurança;2947
TEX;3495
Sustentação;2976
Novos Desenvolvimentos;3521
TEX4OPS;2945